<?xml version="1.0" encoding="UTF-8"?>
<project-private xmlns="http://www.netbeans.org/ns/project-private/1">
    <editor-bookmarks xmlns="http://www.netbeans.org/ns/editor-bookmarks/2" lastBookmarkId="0"/>
    <open-files xmlns="http://www.netbeans.org/ns/projectui-open-files/2">
        <group>
            <file>file:/D:/netBeans/TA/Restaurant/src/DAOimplement/inserttransimplement.java</file>
            <file>file:/D:/netBeans/TA/Restaurant/src/DAOdata/datakasirDAO.java</file>
            <file>file:/D:/netBeans/TA/Restaurant/src/model/modelinserttrans.java</file>
            <file>file:/D:/netBeans/TA/Restaurant/src/DAOimplement/datakasirimplement.java</file>
            <file>file:/D:/netBeans/TA/Restaurant/src/restaurant/menu.java</file>
            <file>file:/D:/netBeans/TA/Restaurant/src/controller/inserttranscontroller.java</file>
            <file>file:/D:/netBeans/TA/Restaurant/src/DAOdata/inserttransDAO.java</file>
            <file>file:/D:/netBeans/TA/Restaurant/src/model/modeltabeldatakasir.java</file>
            <file>file:/D:/netBeans/TA/Restaurant/src/controller/datakasircontroller.java</file>
        </group>
    </open-files>
</project-private>
